/*
Navicat MySQL Data Transfer

Source Server         : mysql1.1-3-5.ch
Source Server Version : 50505
Source Host           : localhost:3306
Source Database       : energycalculator

Target Server Type    : MYSQL
Target Server Version : 50505
File Encoding         : 65001

Date: 2014-06-26 19:06:21
*/

SET FOREIGN_KEY_CHECKS=0;

-- ----------------------------
-- Table structure for comestible
-- ----------------------------
DROP TABLE IF EXISTS `comestible`;
CREATE TABLE `comestible` (
  `id` int(11) NOT NULL AUTO_INCREMENT,
  `user_id` int(11) DEFAULT NULL,
  `name` varchar(255) COLLATE utf8_unicode_ci NOT NULL,
  `calorie` decimal(10,4) NOT NULL,
  `protein` decimal(10,4) NOT NULL,
  `fat` decimal(10,4) NOT NULL,
  `carbohydrate` decimal(10,4) NOT NULL,
  PRIMARY KEY (`id`),
  KEY `IDX_B0E96083A76ED395` (`user_id`) USING BTREE,
  CONSTRAINT `comestible_ibfk_1` FOREIGN KEY (`user_id`) REFERENCES `user` (`id`)
) ENGINE=InnoDB AUTO_INCREMENT=98 DEFAULT CHARSET=utf8 COLLATE=utf8_unicode_ci;

-- ----------------------------
-- Records of comestible
-- ----------------------------
INSERT INTO `comestible` VALUES ('1', '1', 'innocent - kiwi, apples & lime', '51.0000', '0.4000', '0.3000', '11.1000');
INSERT INTO `comestible` VALUES ('2', '1', 'Holzfäller Steak', '127.0000', '20.0000', '5.0000', '0.5000');
INSERT INTO `comestible` VALUES ('3', '1', 'Steinofenbrötchen', '275.0000', '13.0000', '4.5000', '43.0000');
INSERT INTO `comestible` VALUES ('4', '1', 'Cherrytomaten', '15.0000', '0.8000', '0.1000', '2.8000');
INSERT INTO `comestible` VALUES ('5', '2', 'red bull', '45.0000', '0.0000', '0.0000', '11.0000');
INSERT INTO `comestible` VALUES ('6', '1', 'Ofenfleischkäse', '262.0000', '12.0000', '23.0000', '1.5000');
INSERT INTO `comestible` VALUES ('7', '1', 'Ofenschinken', '124.0000', '22.0000', '3.5000', '1.0000');
INSERT INTO `comestible` VALUES ('8', '1', 'Zwirbelbrot', '255.0000', '10.5000', '0.5000', '51.1000');
INSERT INTO `comestible` VALUES ('9', '1', 'Spare Ribs', '256.0000', '17.0000', '20.0000', '2.0000');
INSERT INTO `comestible` VALUES ('10', '1', 'Fondue Chinoise', '150.0000', '23.0000', '5.0000', '3.5000');
INSERT INTO `comestible` VALUES ('11', '1', 'Silberzwiebeln', '38.0000', '0.7000', '0.2000', '6.5000');
INSERT INTO `comestible` VALUES ('12', '1', 'Pommes Frites', '294.0000', '4.0000', '14.0000', '37.0000');
INSERT INTO `comestible` VALUES ('13', '1', 'Fondue Bourguignon', '250.0000', '29.5000', '14.8000', '0.0000');
INSERT INTO `comestible` VALUES ('14', '1', 'Grüner Salat (French Dressing)', '83.6000', '0.6000', '6.8000', '4.0000');
INSERT INTO `comestible` VALUES ('15', '1', 'Blévita mit Gruyère', '455.0000', '16.0000', '15.0000', '61.0000');
INSERT INTO `comestible` VALUES ('16', '1', 'Pferde Entrecote', '111.0000', '24.0000', '1.0000', '1.5000');
INSERT INTO `comestible` VALUES ('17', '1', 'St.Galler Bratwurst', '248.0000', '12.0000', '22.0000', '1.5000');
INSERT INTO `comestible` VALUES ('18', '1', 'Zuckermais', '89.0000', '3.3000', '1.2000', '15.7000');
INSERT INTO `comestible` VALUES ('19', '1', 'Mega Almonds', '245.0000', '3.1000', '15.9000', '20.4000');
INSERT INTO `comestible` VALUES ('20', '1', 'Pouletbrust senf-mariniert', '114.0000', '25.0000', '1.5000', '1.0000');
INSERT INTO `comestible` VALUES ('21', '1', 'Poulet Brust (kalt)', '91.0000', '20.0000', '1.0000', '1.0000');
INSERT INTO `comestible` VALUES ('22', '1', 'minipic', '461.0000', '26.0000', '39.0000', '1.5000');
INSERT INTO `comestible` VALUES ('23', '1', 'Schweinsnierstück', '135.0000', '22.0000', '5.0000', '1.0000');
INSERT INTO `comestible` VALUES ('24', '1', 'Appenzeller Servelat', '278.0000', '15.0000', '24.0000', '1.0000');
INSERT INTO `comestible` VALUES ('25', '1', 'Geflügel Aufschnitt', '181.0000', '15.0000', '13.0000', '1.0000');
INSERT INTO `comestible` VALUES ('26', '1', 'Ei', '156.0000', '12.8000', '11.3000', '0.7000');
INSERT INTO `comestible` VALUES ('27', '1', 'Sesambrot dunkel', '238.0000', '10.0000', '1.5000', '44.0000');
INSERT INTO `comestible` VALUES ('28', '1', 'Rippen', '206.0000', '28.4000', '9.4000', '0.0000');
INSERT INTO `comestible` VALUES ('29', '1', 'Weisse Sauce - Sauce Béchamel', '88.0000', '4.0000', '4.0000', '9.0000');
INSERT INTO `comestible` VALUES ('30', '1', 'Babybel', '298.0000', '21.5000', '23.5000', '0.0000');
INSERT INTO `comestible` VALUES ('31', '1', 'Pouletbruststreifen mit Landhonig', '124.0000', '23.0000', '3.0000', '1.0000');
INSERT INTO `comestible` VALUES ('32', '1', 'Balsamico Dressing', '220.0000', '0.0000', '21.0000', '8.0000');
INSERT INTO `comestible` VALUES ('34', '1', 'Mischsalat', '18.0000', '1.5000', '0.5000', '2.0000');
INSERT INTO `comestible` VALUES ('35', '1', 'Poulet-Flügel', '170.0000', '20.0000', '10.0000', '1.0000');
INSERT INTO `comestible` VALUES ('36', '1', 'Gurke', '12.0000', '0.2000', '0.6000', '1.8000');
INSERT INTO `comestible` VALUES ('37', '1', 'Milch 2.5%', '55.0000', '3.0000', '2.6000', '5.0000');
INSERT INTO `comestible` VALUES ('38', '1', 'Nüsslisalat', '22.0000', '2.0000', '0.5000', '1.5000');
INSERT INTO `comestible` VALUES ('39', '1', 'Blévita 5-Korngebäck', '432.0000', '14.0000', '14.0000', '58.0000');
INSERT INTO `comestible` VALUES ('40', '1', 'Balisto Active', '398.0000', '5.2000', '10.2000', '69.3000');
INSERT INTO `comestible` VALUES ('41', '1', 'Pouletschenkel gewürzt', '170.0000', '20.0000', '10.0000', '0.5000');
INSERT INTO `comestible` VALUES ('43', '1', 'Schweins Huftplätzli mariniert', '119.0000', '18.0000', '5.0000', '0.5000');
INSERT INTO `comestible` VALUES ('44', '1', 'Olivenöl', '828.0000', '0.0000', '92.0000', '0.0000');
INSERT INTO `comestible` VALUES ('45', '3', 'Magerquark Laktosefrei', '59.0000', '10.0000', '0.5000', '4.5000');
INSERT INTO `comestible` VALUES ('46', '1', 'Milch 3,9%', '67.0000', '3.2000', '3.9000', '4.9000');
INSERT INTO `comestible` VALUES ('48', '1', 'Truthahnbrust geräuchert', '170.0000', '29.3000', '5.0000', '0.0000');
INSERT INTO `comestible` VALUES ('49', '1', 'Magnesium Biomed UNO 300mg', '275.0000', '0.0000', '0.0000', '25.0000');
INSERT INTO `comestible` VALUES ('50', '1', 'Karotten roh', '26.0000', '1.0000', '0.2000', '4.8000');
INSERT INTO `comestible` VALUES ('51', '1', 'Schweinshals Steak mariniert', '169.0000', '19.0000', '10.0000', '0.5000');
INSERT INTO `comestible` VALUES ('52', '1', 'Multivitamin Kapseln - Migros', '250.0000', '0.0000', '0.0000', '58.3000');
INSERT INTO `comestible` VALUES ('53', '1', 'Erdnüsse', '620.0000', '25.0000', '50.0000', '14.0000');
INSERT INTO `comestible` VALUES ('54', '1', 'Steakhouse Burger (Burger King) 260g', '293.8000', '13.1000', '17.2000', '20.9000');
INSERT INTO `comestible` VALUES ('55', '1', 'Coca Cola', '42.0000', '0.0000', '0.0000', '10.6000');
INSERT INTO `comestible` VALUES ('57', '1', 'Sonnenblumenkerne', '615.0000', '26.0000', '52.0000', '9.0000');
INSERT INTO `comestible` VALUES ('58', '1', 'Rindssteak mariniert', '126.0000', '22.0000', '4.0000', '0.5000');
INSERT INTO `comestible` VALUES ('59', '1', 'Landbrötchen Coop', '260.0000', '9.5000', '3.8000', '45.0000');
INSERT INTO `comestible` VALUES ('60', '1', 'Rahmquark', '192.0000', '6.0000', '16.7000', '4.5000');
INSERT INTO `comestible` VALUES ('61', '1', 'Frey d\'Or', '565.0000', '8.0000', '37.0000', '50.0000');
INSERT INTO `comestible` VALUES ('62', '1', 'Cottage Cheese', '88.0000', '9.0000', '4.0000', '4.0000');
INSERT INTO `comestible` VALUES ('63', '1', 'Balisto Nuts', '483.0000', '7.8000', '25.4000', '53.9000');
INSERT INTO `comestible` VALUES ('64', '1', 'Dürüm Döner', '175.0000', '11.0000', '7.0000', '18.0000');
INSERT INTO `comestible` VALUES ('65', '1', 'Buttergipfel', '392.0000', '9.0000', '20.0000', '44.0000');
INSERT INTO `comestible` VALUES ('66', '1', 'Magnesium actilife 375mg', '215.4000', '0.0000', '0.0000', '7.7000');
INSERT INTO `comestible` VALUES ('67', '1', 'Essiggurken', '39.0000', '1.0000', '0.5000', '8.0000');
INSERT INTO `comestible` VALUES ('68', '1', 'Apfel', '54.0000', '0.3000', '0.1000', '11.4000');
INSERT INTO `comestible` VALUES ('69', '1', 'Cipollata mit Speck', '275.0000', '14.0000', '24.0000', '0.5000');
INSERT INTO `comestible` VALUES ('70', '1', 'Magerquark', '61.0000', '10.0000', '0.1000', '5.0000');
INSERT INTO `comestible` VALUES ('71', '1', 'Lammnierstück', '114.0000', '19.0000', '3.5000', '1.5000');
INSERT INTO `comestible` VALUES ('72', '1', 'Schweinswurst', '230.0000', '19.0000', '17.0000', '0.5000');
INSERT INTO `comestible` VALUES ('73', '1', 'Magnum Almond', '330.0000', '5.0000', '21.0000', '30.0000');
INSERT INTO `comestible` VALUES ('74', '1', 'Minor', '566.0000', '9.0000', '39.0000', '45.0000');
INSERT INTO `comestible` VALUES ('75', '1', 'Western-Steak (No 119)', '146.0000', '18.0000', '8.0000', '0.5000');
INSERT INTO `comestible` VALUES ('76', '1', 'Pralinen, Durchschnitt', '533.0000', '6.8000', '29.5000', '60.2000');
INSERT INTO `comestible` VALUES ('77', '1', 'Balisto Choco Chips', '483.0000', '6.6000', '23.7000', '57.1000');
INSERT INTO `comestible` VALUES ('78', '1', 'Schinkensandwich', '190.0000', '10.0000', '7.0000', '20.0000');
INSERT INTO `comestible` VALUES ('79', '1', 'Schweinsnierstück-Steak', '141.0000', '22.0000', '5.0000', '2.0000');
INSERT INTO `comestible` VALUES ('80', '1', 'Feldschlösschen', '38.0000', '0.0000', '0.0000', '2.4000');
INSERT INTO `comestible` VALUES ('81', '1', 'Pilsner Urquell', '46.0000', '0.5000', '0.0000', '4.8000');
INSERT INTO `comestible` VALUES ('82', '1', 'Staropramen Premium Beer', '43.0000', '0.0000', '0.0000', '4.5000');
INSERT INTO `comestible` VALUES ('83', '1', 'Corn Chips', '471.0000', '5.0000', '23.0000', '59.0000');
INSERT INTO `comestible` VALUES ('84', '1', 'Rindsfilet', '162.0000', '29.5000', '4.8000', '0.0000');
INSERT INTO `comestible` VALUES ('85', '1', 'Schweinssteak Mexicane', '119.0000', '18.0000', '5.0000', '0.5000');
INSERT INTO `comestible` VALUES ('86', '1', 'Kägi-fret', '567.0000', '7.0000', '35.0000', '56.0000');
INSERT INTO `comestible` VALUES ('87', '1', 'Pferdesteak', '137.0000', '23.0000', '4.5000', '1.0000');
INSERT INTO `comestible` VALUES ('88', '1', 'Zigeuner Cervelas', '298.0000', '15.0000', '26.0000', '1.0000');
INSERT INTO `comestible` VALUES ('89', '1', 'Spaghetti', '158.0000', '5.8000', '0.9000', '30.9000');
INSERT INTO `comestible` VALUES ('90', '1', 'Bolognesesauce', '159.0000', '5.1000', '7.5000', '16.3000');
INSERT INTO `comestible` VALUES ('91', '1', 'Parmesan', '374.0000', '35.6000', '25.8000', '0.1000');
INSERT INTO `comestible` VALUES ('92', '1', 'Zucker', '405.0000', '0.0000', '0.0000', '99.8000');
INSERT INTO `comestible` VALUES ('93', '1', 'Kaffeerahm', '160.0000', '3.0000', '15.0000', '4.0000');
INSERT INTO `comestible` VALUES ('94', '1', 'Schweinssteak Barbeque', '127.0000', '20.0000', '5.0000', '0.5000');
INSERT INTO `comestible` VALUES ('95', '1', 'Risoletto', '450.0000', '3.5000', '18.0000', '68.0000');
INSERT INTO `comestible` VALUES ('96', '1', 'Vanilla Coke', '45.0000', '0.0000', '0.0000', '11.1000');
INSERT INTO `comestible` VALUES ('97', '1', 'Schweins-Kolelett', '186.0000', '22.0000', '10.0000', '2.0000');

-- ----------------------------
-- Table structure for comestible_within_day
-- ----------------------------
DROP TABLE IF EXISTS `comestible_within_day`;
CREATE TABLE `comestible_within_day` (
  `id` int(11) NOT NULL AUTO_INCREMENT,
  `day_id` int(11) DEFAULT NULL,
  `comestible_id` int(11) DEFAULT NULL,
  `amount` decimal(10,4) NOT NULL,
  PRIMARY KEY (`id`),
  KEY `IDX_B2662C99C24126` (`day_id`) USING BTREE,
  KEY `IDX_B2662C939195122` (`comestible_id`) USING BTREE,
  CONSTRAINT `comestible_within_day_ibfk_1` FOREIGN KEY (`comestible_id`) REFERENCES `comestible` (`id`),
  CONSTRAINT `comestible_within_day_ibfk_2` FOREIGN KEY (`day_id`) REFERENCES `day` (`id`) ON DELETE CASCADE
) ENGINE=InnoDB AUTO_INCREMENT=678 DEFAULT CHARSET=utf8 COLLATE=utf8_unicode_ci;

-- ----------------------------
-- Records of comestible_within_day
-- ----------------------------
INSERT INTO `comestible_within_day` VALUES ('1', '1', '1', '250.0000');
INSERT INTO `comestible_within_day` VALUES ('2', '1', '4', '250.0000');
INSERT INTO `comestible_within_day` VALUES ('3', '1', '2', '451.0000');
INSERT INTO `comestible_within_day` VALUES ('4', '1', '3', '75.0000');
INSERT INTO `comestible_within_day` VALUES ('6', '1', '8', '190.0000');
INSERT INTO `comestible_within_day` VALUES ('7', '1', '7', '120.0000');
INSERT INTO `comestible_within_day` VALUES ('8', '1', '6', '124.0000');
INSERT INTO `comestible_within_day` VALUES ('12', '3', '1', '250.0000');
INSERT INTO `comestible_within_day` VALUES ('13', '3', '9', '180.0000');
INSERT INTO `comestible_within_day` VALUES ('14', '3', '14', '80.0000');
INSERT INTO `comestible_within_day` VALUES ('15', '3', '11', '50.0000');
INSERT INTO `comestible_within_day` VALUES ('16', '3', '12', '20.0000');
INSERT INTO `comestible_within_day` VALUES ('17', '3', '13', '500.0000');
INSERT INTO `comestible_within_day` VALUES ('18', '4', '15', '38.0000');
INSERT INTO `comestible_within_day` VALUES ('19', '4', '15', '38.0000');
INSERT INTO `comestible_within_day` VALUES ('20', '4', '1', '250.0000');
INSERT INTO `comestible_within_day` VALUES ('21', '4', '16', '140.0000');
INSERT INTO `comestible_within_day` VALUES ('22', '4', '17', '140.0000');
INSERT INTO `comestible_within_day` VALUES ('23', '4', '18', '100.0000');
INSERT INTO `comestible_within_day` VALUES ('24', '4', '14', '80.0000');
INSERT INTO `comestible_within_day` VALUES ('25', '4', '15', '38.0000');
INSERT INTO `comestible_within_day` VALUES ('26', '4', '15', '38.0000');
INSERT INTO `comestible_within_day` VALUES ('27', '5', '15', '38.0000');
INSERT INTO `comestible_within_day` VALUES ('28', '5', '1', '250.0000');
INSERT INTO `comestible_within_day` VALUES ('29', '5', '3', '75.0000');
INSERT INTO `comestible_within_day` VALUES ('30', '5', '7', '116.0000');
INSERT INTO `comestible_within_day` VALUES ('31', '5', '7', '60.0000');
INSERT INTO `comestible_within_day` VALUES ('32', '5', '4', '250.0000');
INSERT INTO `comestible_within_day` VALUES ('33', '5', '19', '115.0000');
INSERT INTO `comestible_within_day` VALUES ('34', '5', '14', '80.0000');
INSERT INTO `comestible_within_day` VALUES ('35', '5', '20', '290.0000');
INSERT INTO `comestible_within_day` VALUES ('36', '5', '17', '70.0000');
INSERT INTO `comestible_within_day` VALUES ('37', '6', '1', '250.0000');
INSERT INTO `comestible_within_day` VALUES ('38', '6', '16', '160.0000');
INSERT INTO `comestible_within_day` VALUES ('39', '6', '14', '250.0000');
INSERT INTO `comestible_within_day` VALUES ('40', '6', '3', '75.0000');
INSERT INTO `comestible_within_day` VALUES ('41', '6', '21', '111.0000');
INSERT INTO `comestible_within_day` VALUES ('42', '6', '21', '113.0000');
INSERT INTO `comestible_within_day` VALUES ('43', '6', '8', '190.0000');
INSERT INTO `comestible_within_day` VALUES ('44', '7', '22', '18.0000');
INSERT INTO `comestible_within_day` VALUES ('45', '7', '22', '18.0000');
INSERT INTO `comestible_within_day` VALUES ('46', '7', '1', '250.0000');
INSERT INTO `comestible_within_day` VALUES ('47', '7', '24', '130.0000');
INSERT INTO `comestible_within_day` VALUES ('48', '7', '23', '286.0000');
INSERT INTO `comestible_within_day` VALUES ('49', '7', '14', '250.0000');
INSERT INTO `comestible_within_day` VALUES ('50', '7', '25', '131.0000');
INSERT INTO `comestible_within_day` VALUES ('51', '8', '1', '250.0000');
INSERT INTO `comestible_within_day` VALUES ('52', '8', '24', '130.0000');
INSERT INTO `comestible_within_day` VALUES ('53', '8', '23', '300.0000');
INSERT INTO `comestible_within_day` VALUES ('54', '8', '14', '150.0000');
INSERT INTO `comestible_within_day` VALUES ('55', '8', '21', '118.0000');
INSERT INTO `comestible_within_day` VALUES ('56', '8', '21', '119.0000');
INSERT INTO `comestible_within_day` VALUES ('57', '8', '15', '38.0000');
INSERT INTO `comestible_within_day` VALUES ('58', '8', '15', '38.0000');
INSERT INTO `comestible_within_day` VALUES ('59', '9', '15', '38.0000');
INSERT INTO `comestible_within_day` VALUES ('60', '9', '15', '38.0000');
INSERT INTO `comestible_within_day` VALUES ('61', '9', '26', '54.0000');
INSERT INTO `comestible_within_day` VALUES ('62', '9', '26', '54.0000');
INSERT INTO `comestible_within_day` VALUES ('63', '9', '21', '113.0000');
INSERT INTO `comestible_within_day` VALUES ('64', '9', '27', '125.0000');
INSERT INTO `comestible_within_day` VALUES ('65', '9', '25', '128.0000');
INSERT INTO `comestible_within_day` VALUES ('66', '9', '4', '250.0000');
INSERT INTO `comestible_within_day` VALUES ('67', '10', '26', '54.0000');
INSERT INTO `comestible_within_day` VALUES ('68', '10', '1', '250.0000');
INSERT INTO `comestible_within_day` VALUES ('69', '10', '28', '220.0000');
INSERT INTO `comestible_within_day` VALUES ('70', '10', '14', '150.0000');
INSERT INTO `comestible_within_day` VALUES ('71', '10', '29', '50.0000');
INSERT INTO `comestible_within_day` VALUES ('72', '10', '27', '125.0000');
INSERT INTO `comestible_within_day` VALUES ('73', '10', '21', '113.0000');
INSERT INTO `comestible_within_day` VALUES ('74', '10', '25', '128.0000');
INSERT INTO `comestible_within_day` VALUES ('75', '10', '30', '25.0000');
INSERT INTO `comestible_within_day` VALUES ('76', '10', '4', '250.0000');
INSERT INTO `comestible_within_day` VALUES ('77', null, '15', '38.0000');
INSERT INTO `comestible_within_day` VALUES ('78', '11', '26', '54.0000');
INSERT INTO `comestible_within_day` VALUES ('79', '11', '15', '38.0000');
INSERT INTO `comestible_within_day` VALUES ('80', '11', '30', '25.0000');
INSERT INTO `comestible_within_day` VALUES ('81', '11', '30', '25.0000');
INSERT INTO `comestible_within_day` VALUES ('82', '11', '1', '250.0000');
INSERT INTO `comestible_within_day` VALUES ('83', '11', '31', '134.0000');
INSERT INTO `comestible_within_day` VALUES ('84', '11', '31', '142.0000');
INSERT INTO `comestible_within_day` VALUES ('85', '11', '34', '170.0000');
INSERT INTO `comestible_within_day` VALUES ('86', '11', '32', '75.0000');
INSERT INTO `comestible_within_day` VALUES ('87', '11', '15', '38.0000');
INSERT INTO `comestible_within_day` VALUES ('88', '11', '30', '25.0000');
INSERT INTO `comestible_within_day` VALUES ('89', '11', '30', '25.0000');
INSERT INTO `comestible_within_day` VALUES ('90', '11', '21', '113.0000');
INSERT INTO `comestible_within_day` VALUES ('91', '11', '30', '25.0000');
INSERT INTO `comestible_within_day` VALUES ('92', '12', '1', '250.0000');
INSERT INTO `comestible_within_day` VALUES ('93', '12', '34', '125.0000');
INSERT INTO `comestible_within_day` VALUES ('94', '12', '32', '40.0000');
INSERT INTO `comestible_within_day` VALUES ('95', '12', '21', '107.0000');
INSERT INTO `comestible_within_day` VALUES ('96', '12', '25', '129.0000');
INSERT INTO `comestible_within_day` VALUES ('97', '12', '3', '75.0000');
INSERT INTO `comestible_within_day` VALUES ('98', '12', '4', '250.0000');
INSERT INTO `comestible_within_day` VALUES ('99', '12', '35', '343.0000');
INSERT INTO `comestible_within_day` VALUES ('100', '12', '20', '140.0000');
INSERT INTO `comestible_within_day` VALUES ('101', '12', '36', '70.0000');
INSERT INTO `comestible_within_day` VALUES ('102', '12', '34', '120.0000');
INSERT INTO `comestible_within_day` VALUES ('103', '12', '32', '40.0000');
INSERT INTO `comestible_within_day` VALUES ('104', '13', '1', '250.0000');
INSERT INTO `comestible_within_day` VALUES ('105', '13', '37', '500.0000');
INSERT INTO `comestible_within_day` VALUES ('106', '13', '23', '263.0000');
INSERT INTO `comestible_within_day` VALUES ('107', '13', '24', '130.0000');
INSERT INTO `comestible_within_day` VALUES ('108', '13', '34', '100.0000');
INSERT INTO `comestible_within_day` VALUES ('109', '13', '32', '30.0000');
INSERT INTO `comestible_within_day` VALUES ('110', '13', '31', '139.0000');
INSERT INTO `comestible_within_day` VALUES ('111', '13', '38', '100.0000');
INSERT INTO `comestible_within_day` VALUES ('112', '13', '32', '40.0000');
INSERT INTO `comestible_within_day` VALUES ('113', '13', '39', '38.0000');
INSERT INTO `comestible_within_day` VALUES ('114', '14', '40', '20.0000');
INSERT INTO `comestible_within_day` VALUES ('115', '14', '41', '475.0000');
INSERT INTO `comestible_within_day` VALUES ('116', '14', '38', '150.0000');
INSERT INTO `comestible_within_day` VALUES ('117', '14', '32', '40.0000');
INSERT INTO `comestible_within_day` VALUES ('118', '14', '24', '130.0000');
INSERT INTO `comestible_within_day` VALUES ('119', '14', '34', '140.0000');
INSERT INTO `comestible_within_day` VALUES ('120', '14', '32', '40.0000');
INSERT INTO `comestible_within_day` VALUES ('121', '14', '15', '38.0000');
INSERT INTO `comestible_within_day` VALUES ('122', '15', '1', '250.0000');
INSERT INTO `comestible_within_day` VALUES ('123', '15', '41', '475.0000');
INSERT INTO `comestible_within_day` VALUES ('124', '15', '34', '70.0000');
INSERT INTO `comestible_within_day` VALUES ('125', '15', '32', '30.0000');
INSERT INTO `comestible_within_day` VALUES ('126', '15', '25', '132.0000');
INSERT INTO `comestible_within_day` VALUES ('127', '15', '15', '38.0000');
INSERT INTO `comestible_within_day` VALUES ('128', '15', '15', '38.0000');
INSERT INTO `comestible_within_day` VALUES ('129', '15', '4', '250.0000');
INSERT INTO `comestible_within_day` VALUES ('130', '16', '1', '250.0000');
INSERT INTO `comestible_within_day` VALUES ('131', '16', '43', '339.0000');
INSERT INTO `comestible_within_day` VALUES ('132', '16', '24', '130.0000');
INSERT INTO `comestible_within_day` VALUES ('133', '16', '34', '150.0000');
INSERT INTO `comestible_within_day` VALUES ('134', '16', '37', '500.0000');
INSERT INTO `comestible_within_day` VALUES ('135', '16', '21', '111.0000');
INSERT INTO `comestible_within_day` VALUES ('136', '16', '15', '38.0000');
INSERT INTO `comestible_within_day` VALUES ('137', '16', '15', '38.0000');
INSERT INTO `comestible_within_day` VALUES ('139', '17', '1', '250.0000');
INSERT INTO `comestible_within_day` VALUES ('140', '17', '40', '20.0000');
INSERT INTO `comestible_within_day` VALUES ('141', '17', '43', '315.0000');
INSERT INTO `comestible_within_day` VALUES ('142', '17', '34', '150.0000');
INSERT INTO `comestible_within_day` VALUES ('143', '17', '32', '40.0000');
INSERT INTO `comestible_within_day` VALUES ('144', '18', '45', '250.0000');
INSERT INTO `comestible_within_day` VALUES ('145', '17', '46', '500.0000');
INSERT INTO `comestible_within_day` VALUES ('146', '17', '31', '140.0000');
INSERT INTO `comestible_within_day` VALUES ('147', '17', '31', '133.0000');
INSERT INTO `comestible_within_day` VALUES ('148', '17', '34', '200.0000');
INSERT INTO `comestible_within_day` VALUES ('149', '17', '32', '40.0000');
INSERT INTO `comestible_within_day` VALUES ('150', '17', '15', '38.0000');
INSERT INTO `comestible_within_day` VALUES ('152', '20', '44', '10.0000');
INSERT INTO `comestible_within_day` VALUES ('153', '20', '49', '4.0000');
INSERT INTO `comestible_within_day` VALUES ('154', '20', '26', '54.0000');
INSERT INTO `comestible_within_day` VALUES ('155', '20', '26', '54.0000');
INSERT INTO `comestible_within_day` VALUES ('156', '20', '48', '180.0000');
INSERT INTO `comestible_within_day` VALUES ('157', '20', '1', '250.0000');
INSERT INTO `comestible_within_day` VALUES ('158', '20', '49', '4.0000');
INSERT INTO `comestible_within_day` VALUES ('159', '20', '43', '350.0000');
INSERT INTO `comestible_within_day` VALUES ('160', '20', '34', '250.0000');
INSERT INTO `comestible_within_day` VALUES ('161', '20', '32', '90.0000');
INSERT INTO `comestible_within_day` VALUES ('162', '20', '4', '250.0000');
INSERT INTO `comestible_within_day` VALUES ('163', null, '39', '38.0000');
INSERT INTO `comestible_within_day` VALUES ('164', '21', '49', '4.0000');
INSERT INTO `comestible_within_day` VALUES ('165', '21', '50', '110.0000');
INSERT INTO `comestible_within_day` VALUES ('166', '21', '21', '126.0000');
INSERT INTO `comestible_within_day` VALUES ('167', '21', '21', '121.0000');
INSERT INTO `comestible_within_day` VALUES ('168', '21', '15', '38.0000');
INSERT INTO `comestible_within_day` VALUES ('169', '21', '44', '20.0000');
INSERT INTO `comestible_within_day` VALUES ('170', null, '1', '250.0000');
INSERT INTO `comestible_within_day` VALUES ('171', '21', '4', '250.0000');
INSERT INTO `comestible_within_day` VALUES ('172', '21', '50', '80.0000');
INSERT INTO `comestible_within_day` VALUES ('173', '21', '15', '38.0000');
INSERT INTO `comestible_within_day` VALUES ('174', '21', '15', '38.0000');
INSERT INTO `comestible_within_day` VALUES ('175', '21', '34', '140.0000');
INSERT INTO `comestible_within_day` VALUES ('176', '21', '32', '50.0000');
INSERT INTO `comestible_within_day` VALUES ('177', '21', '21', '110.0000');
INSERT INTO `comestible_within_day` VALUES ('178', '21', '21', '113.0000');
INSERT INTO `comestible_within_day` VALUES ('179', '21', '44', '10.0000');
INSERT INTO `comestible_within_day` VALUES ('180', '22', '49', '4.0000');
INSERT INTO `comestible_within_day` VALUES ('181', '22', '1', '250.0000');
INSERT INTO `comestible_within_day` VALUES ('182', '22', '51', '260.0000');
INSERT INTO `comestible_within_day` VALUES ('183', '22', '24', '130.0000');
INSERT INTO `comestible_within_day` VALUES ('184', '22', '34', '125.0000');
INSERT INTO `comestible_within_day` VALUES ('185', '22', '32', '40.0000');
INSERT INTO `comestible_within_day` VALUES ('186', '22', '52', '0.6000');
INSERT INTO `comestible_within_day` VALUES ('187', '22', '53', '30.0000');
INSERT INTO `comestible_within_day` VALUES ('188', '22', '21', '114.0000');
INSERT INTO `comestible_within_day` VALUES ('189', '22', '15', '38.0000');
INSERT INTO `comestible_within_day` VALUES ('190', '22', '53', '10.0000');
INSERT INTO `comestible_within_day` VALUES ('191', '22', '50', '100.0000');
INSERT INTO `comestible_within_day` VALUES ('192', '23', '49', '4.0000');
INSERT INTO `comestible_within_day` VALUES ('193', '23', '53', '30.0000');
INSERT INTO `comestible_within_day` VALUES ('194', '23', '50', '120.0000');
INSERT INTO `comestible_within_day` VALUES ('195', '23', '37', '500.0000');
INSERT INTO `comestible_within_day` VALUES ('196', '22', '52', '0.6000');
INSERT INTO `comestible_within_day` VALUES ('197', '23', '51', '260.0000');
INSERT INTO `comestible_within_day` VALUES ('198', '23', '34', '125.0000');
INSERT INTO `comestible_within_day` VALUES ('199', '23', '32', '50.0000');
INSERT INTO `comestible_within_day` VALUES ('200', '23', '52', '0.6000');
INSERT INTO `comestible_within_day` VALUES ('201', '23', '34', '120.0000');
INSERT INTO `comestible_within_day` VALUES ('202', '23', '32', '40.0000');
INSERT INTO `comestible_within_day` VALUES ('203', '23', '31', '134.0000');
INSERT INTO `comestible_within_day` VALUES ('204', '23', '31', '138.0000');
INSERT INTO `comestible_within_day` VALUES ('205', '23', '1', '250.0000');
INSERT INTO `comestible_within_day` VALUES ('206', '24', '49', '4.0000');
INSERT INTO `comestible_within_day` VALUES ('207', '24', '50', '80.0000');
INSERT INTO `comestible_within_day` VALUES ('208', '24', '35', '542.0000');
INSERT INTO `comestible_within_day` VALUES ('209', '24', '34', '125.0000');
INSERT INTO `comestible_within_day` VALUES ('210', '24', '32', '40.0000');
INSERT INTO `comestible_within_day` VALUES ('211', '24', '52', '0.6000');
INSERT INTO `comestible_within_day` VALUES ('212', '24', '21', '121.0000');
INSERT INTO `comestible_within_day` VALUES ('213', '24', '15', '38.0000');
INSERT INTO `comestible_within_day` VALUES ('214', '24', '15', '38.0000');
INSERT INTO `comestible_within_day` VALUES ('215', '24', '52', '0.6000');
INSERT INTO `comestible_within_day` VALUES ('216', '24', '49', '4.0000');
INSERT INTO `comestible_within_day` VALUES ('217', '25', '49', '4.0000');
INSERT INTO `comestible_within_day` VALUES ('218', '25', '53', '30.0000');
INSERT INTO `comestible_within_day` VALUES ('219', '25', '37', '500.0000');
INSERT INTO `comestible_within_day` VALUES ('220', '25', '3', '75.0000');
INSERT INTO `comestible_within_day` VALUES ('221', '25', '51', '223.0000');
INSERT INTO `comestible_within_day` VALUES ('222', '25', '34', '125.0000');
INSERT INTO `comestible_within_day` VALUES ('223', '25', '32', '40.0000');
INSERT INTO `comestible_within_day` VALUES ('224', '25', '52', '0.6000');
INSERT INTO `comestible_within_day` VALUES ('225', '25', '34', '125.0000');
INSERT INTO `comestible_within_day` VALUES ('226', '25', '32', '40.0000');
INSERT INTO `comestible_within_day` VALUES ('227', '25', '31', '131.0000');
INSERT INTO `comestible_within_day` VALUES ('228', '25', '31', '147.0000');
INSERT INTO `comestible_within_day` VALUES ('229', '25', '1', '250.0000');
INSERT INTO `comestible_within_day` VALUES ('230', '26', '57', '10.0000');
INSERT INTO `comestible_within_day` VALUES ('231', '26', '49', '4.0000');
INSERT INTO `comestible_within_day` VALUES ('232', null, '55', '500.0000');
INSERT INTO `comestible_within_day` VALUES ('233', '26', '34', '125.0000');
INSERT INTO `comestible_within_day` VALUES ('234', '26', '32', '40.0000');
INSERT INTO `comestible_within_day` VALUES ('235', '26', '4', '250.0000');
INSERT INTO `comestible_within_day` VALUES ('236', '26', '58', '244.0000');
INSERT INTO `comestible_within_day` VALUES ('237', '26', '52', '0.6000');
INSERT INTO `comestible_within_day` VALUES ('238', '26', '54', '260.0000');
INSERT INTO `comestible_within_day` VALUES ('239', '26', '12', '142.0000');
INSERT INTO `comestible_within_day` VALUES ('240', '26', '55', '200.0000');
INSERT INTO `comestible_within_day` VALUES ('241', '27', '57', '10.0000');
INSERT INTO `comestible_within_day` VALUES ('242', '27', '53', '30.0000');
INSERT INTO `comestible_within_day` VALUES ('243', '27', '49', '4.0000');
INSERT INTO `comestible_within_day` VALUES ('244', '27', '4', '250.0000');
INSERT INTO `comestible_within_day` VALUES ('245', '27', '21', '130.0000');
INSERT INTO `comestible_within_day` VALUES ('246', '27', '21', '122.0000');
INSERT INTO `comestible_within_day` VALUES ('247', '27', '3', '75.0000');
INSERT INTO `comestible_within_day` VALUES ('248', '27', '53', '30.0000');
INSERT INTO `comestible_within_day` VALUES ('249', '27', '53', '30.0000');
INSERT INTO `comestible_within_day` VALUES ('250', '27', '3', '75.0000');
INSERT INTO `comestible_within_day` VALUES ('251', '27', '21', '120.0000');
INSERT INTO `comestible_within_day` VALUES ('252', '27', '21', '117.0000');
INSERT INTO `comestible_within_day` VALUES ('253', '28', '15', '38.0000');
INSERT INTO `comestible_within_day` VALUES ('254', '28', '15', '38.0000');
INSERT INTO `comestible_within_day` VALUES ('255', '28', '53', '30.0000');
INSERT INTO `comestible_within_day` VALUES ('256', '28', '31', '136.0000');
INSERT INTO `comestible_within_day` VALUES ('257', '28', '31', '140.0000');
INSERT INTO `comestible_within_day` VALUES ('258', '28', '34', '100.0000');
INSERT INTO `comestible_within_day` VALUES ('259', '28', '32', '40.0000');
INSERT INTO `comestible_within_day` VALUES ('260', '28', '1', '250.0000');
INSERT INTO `comestible_within_day` VALUES ('261', '28', '52', '0.6000');
INSERT INTO `comestible_within_day` VALUES ('262', null, '53', '30.0000');
INSERT INTO `comestible_within_day` VALUES ('263', '28', '53', '30.0000');
INSERT INTO `comestible_within_day` VALUES ('264', '28', '4', '250.0000');
INSERT INTO `comestible_within_day` VALUES ('265', '28', '25', '136.0000');
INSERT INTO `comestible_within_day` VALUES ('266', '28', '21', '114.0000');
INSERT INTO `comestible_within_day` VALUES ('267', '28', '52', '0.6000');
INSERT INTO `comestible_within_day` VALUES ('268', '28', '49', '4.0000');
INSERT INTO `comestible_within_day` VALUES ('269', '29', '15', '38.0000');
INSERT INTO `comestible_within_day` VALUES ('270', '29', '15', '38.0000');
INSERT INTO `comestible_within_day` VALUES ('271', '29', '53', '30.0000');
INSERT INTO `comestible_within_day` VALUES ('272', '29', '34', '120.0000');
INSERT INTO `comestible_within_day` VALUES ('273', '29', '32', '40.0000');
INSERT INTO `comestible_within_day` VALUES ('274', '29', '31', '140.0000');
INSERT INTO `comestible_within_day` VALUES ('275', '29', '31', '148.0000');
INSERT INTO `comestible_within_day` VALUES ('276', '29', '53', '30.0000');
INSERT INTO `comestible_within_day` VALUES ('277', '29', '15', '38.0000');
INSERT INTO `comestible_within_day` VALUES ('278', '29', '31', '134.0000');
INSERT INTO `comestible_within_day` VALUES ('279', '29', '31', '132.0000');
INSERT INTO `comestible_within_day` VALUES ('280', '29', '52', '0.6000');
INSERT INTO `comestible_within_day` VALUES ('281', '30', '15', '38.0000');
INSERT INTO `comestible_within_day` VALUES ('282', '30', '59', '90.0000');
INSERT INTO `comestible_within_day` VALUES ('283', '30', '31', '146.0000');
INSERT INTO `comestible_within_day` VALUES ('284', '30', '31', '148.0000');
INSERT INTO `comestible_within_day` VALUES ('285', '30', '46', '500.0000');
INSERT INTO `comestible_within_day` VALUES ('286', '30', '52', '0.6000');
INSERT INTO `comestible_within_day` VALUES ('287', '30', '31', '140.0000');
INSERT INTO `comestible_within_day` VALUES ('288', '30', '44', '20.0000');
INSERT INTO `comestible_within_day` VALUES ('289', null, '44', '10.0000');
INSERT INTO `comestible_within_day` VALUES ('290', '30', '57', '20.0000');
INSERT INTO `comestible_within_day` VALUES ('291', '30', '49', '4.0000');
INSERT INTO `comestible_within_day` VALUES ('292', '30', '52', '0.6000');
INSERT INTO `comestible_within_day` VALUES ('293', '31', '60', '150.0000');
INSERT INTO `comestible_within_day` VALUES ('294', '31', '3', '75.0000');
INSERT INTO `comestible_within_day` VALUES ('295', '31', '7', '124.0000');
INSERT INTO `comestible_within_day` VALUES ('296', '31', '21', '113.0000');
INSERT INTO `comestible_within_day` VALUES ('297', '31', '4', '250.0000');
INSERT INTO `comestible_within_day` VALUES ('298', '31', '53', '30.0000');
INSERT INTO `comestible_within_day` VALUES ('299', '31', '52', '0.6000');
INSERT INTO `comestible_within_day` VALUES ('300', null, '53', '30.0000');
INSERT INTO `comestible_within_day` VALUES ('301', '31', '15', '38.0000');
INSERT INTO `comestible_within_day` VALUES ('302', '31', '53', '60.0000');
INSERT INTO `comestible_within_day` VALUES ('303', '31', '26', '54.0000');
INSERT INTO `comestible_within_day` VALUES ('304', '31', '26', '54.0000');
INSERT INTO `comestible_within_day` VALUES ('305', '31', '52', '0.6000');
INSERT INTO `comestible_within_day` VALUES ('306', '31', '49', '4.0000');
INSERT INTO `comestible_within_day` VALUES ('307', '32', '26', '54.0000');
INSERT INTO `comestible_within_day` VALUES ('308', '32', '26', '54.0000');
INSERT INTO `comestible_within_day` VALUES ('309', '32', '1', '250.0000');
INSERT INTO `comestible_within_day` VALUES ('310', '32', '9', '300.0000');
INSERT INTO `comestible_within_day` VALUES ('311', '32', '34', '100.0000');
INSERT INTO `comestible_within_day` VALUES ('312', '32', '32', '40.0000');
INSERT INTO `comestible_within_day` VALUES ('313', '32', '61', '6.0000');
INSERT INTO `comestible_within_day` VALUES ('314', '32', '62', '200.0000');
INSERT INTO `comestible_within_day` VALUES ('315', '32', '3', '75.0000');
INSERT INTO `comestible_within_day` VALUES ('316', '32', '52', '0.6000');
INSERT INTO `comestible_within_day` VALUES ('317', '32', '49', '4.0000');
INSERT INTO `comestible_within_day` VALUES ('318', null, '53', '15.0000');
INSERT INTO `comestible_within_day` VALUES ('319', '33', '15', '38.0000');
INSERT INTO `comestible_within_day` VALUES ('320', '33', '35', '476.0000');
INSERT INTO `comestible_within_day` VALUES ('321', '33', '34', '100.0000');
INSERT INTO `comestible_within_day` VALUES ('322', '33', '32', '40.0000');
INSERT INTO `comestible_within_day` VALUES ('323', '33', '52', '0.6000');
INSERT INTO `comestible_within_day` VALUES ('324', null, '55', '330.0000');
INSERT INTO `comestible_within_day` VALUES ('325', '33', '40', '20.0000');
INSERT INTO `comestible_within_day` VALUES ('326', '33', '37', '500.0000');
INSERT INTO `comestible_within_day` VALUES ('327', '33', '15', '38.0000');
INSERT INTO `comestible_within_day` VALUES ('328', null, '53', '15.0000');
INSERT INTO `comestible_within_day` VALUES ('329', '33', '52', '0.6000');
INSERT INTO `comestible_within_day` VALUES ('330', '33', '49', '4.0000');
INSERT INTO `comestible_within_day` VALUES ('331', '34', '15', '38.0000');
INSERT INTO `comestible_within_day` VALUES ('332', '34', '35', '511.0000');
INSERT INTO `comestible_within_day` VALUES ('333', '34', '34', '100.0000');
INSERT INTO `comestible_within_day` VALUES ('334', '34', '32', '40.0000');
INSERT INTO `comestible_within_day` VALUES ('335', '34', '52', '0.6000');
INSERT INTO `comestible_within_day` VALUES ('336', '34', '40', '20.0000');
INSERT INTO `comestible_within_day` VALUES ('337', '34', '20', '150.0000');
INSERT INTO `comestible_within_day` VALUES ('338', '34', '34', '200.0000');
INSERT INTO `comestible_within_day` VALUES ('339', '34', '32', '40.0000');
INSERT INTO `comestible_within_day` VALUES ('340', null, '15', '38.0000');
INSERT INTO `comestible_within_day` VALUES ('341', '34', '15', '38.0000');
INSERT INTO `comestible_within_day` VALUES ('342', '34', '52', '0.6000');
INSERT INTO `comestible_within_day` VALUES ('343', '34', '49', '4.0000');
INSERT INTO `comestible_within_day` VALUES ('344', '35', '15', '38.0000');
INSERT INTO `comestible_within_day` VALUES ('345', '35', '53', '30.0000');
INSERT INTO `comestible_within_day` VALUES ('346', '35', '64', '400.0000');
INSERT INTO `comestible_within_day` VALUES ('347', '35', '55', '330.0000');
INSERT INTO `comestible_within_day` VALUES ('348', '35', '6', '118.0000');
INSERT INTO `comestible_within_day` VALUES ('349', '35', '21', '118.0000');
INSERT INTO `comestible_within_day` VALUES ('350', '35', '52', '0.6000');
INSERT INTO `comestible_within_day` VALUES ('351', '35', '49', '4.0000');
INSERT INTO `comestible_within_day` VALUES ('352', '36', '53', '30.0000');
INSERT INTO `comestible_within_day` VALUES ('353', '36', '46', '500.0000');
INSERT INTO `comestible_within_day` VALUES ('354', '36', '31', '140.0000');
INSERT INTO `comestible_within_day` VALUES ('355', '36', '31', '134.0000');
INSERT INTO `comestible_within_day` VALUES ('356', '36', '34', '100.0000');
INSERT INTO `comestible_within_day` VALUES ('357', '36', '32', '40.0000');
INSERT INTO `comestible_within_day` VALUES ('358', '36', '52', '0.6000');
INSERT INTO `comestible_within_day` VALUES ('359', '36', '4', '250.0000');
INSERT INTO `comestible_within_day` VALUES ('360', '36', '53', '30.0000');
INSERT INTO `comestible_within_day` VALUES ('361', '36', '6', '118.0000');
INSERT INTO `comestible_within_day` VALUES ('362', '36', '15', '38.0000');
INSERT INTO `comestible_within_day` VALUES ('363', '36', '52', '0.6000');
INSERT INTO `comestible_within_day` VALUES ('364', '36', '49', '4.0000');
INSERT INTO `comestible_within_day` VALUES ('365', '37', '15', '38.0000');
INSERT INTO `comestible_within_day` VALUES ('366', '37', '53', '30.0000');
INSERT INTO `comestible_within_day` VALUES ('367', '37', '37', '80.0000');
INSERT INTO `comestible_within_day` VALUES ('368', '37', '20', '180.0000');
INSERT INTO `comestible_within_day` VALUES ('369', '37', '34', '200.0000');
INSERT INTO `comestible_within_day` VALUES ('370', '37', '32', '60.0000');
INSERT INTO `comestible_within_day` VALUES ('371', '37', '1', '250.0000');
INSERT INTO `comestible_within_day` VALUES ('372', '37', '25', '124.0000');
INSERT INTO `comestible_within_day` VALUES ('373', '37', '21', '118.0000');
INSERT INTO `comestible_within_day` VALUES ('374', '37', '15', '38.0000');
INSERT INTO `comestible_within_day` VALUES ('375', '37', '53', '30.0000');
INSERT INTO `comestible_within_day` VALUES ('376', '37', '52', '0.6000');
INSERT INTO `comestible_within_day` VALUES ('377', '37', '49', '4.0000');
INSERT INTO `comestible_within_day` VALUES ('378', '38', '15', '38.0000');
INSERT INTO `comestible_within_day` VALUES ('379', '38', '53', '30.0000');
INSERT INTO `comestible_within_day` VALUES ('380', '38', '11', '65.0000');
INSERT INTO `comestible_within_day` VALUES ('381', '38', '21', '119.0000');
INSERT INTO `comestible_within_day` VALUES ('382', '38', '25', '121.0000');
INSERT INTO `comestible_within_day` VALUES ('383', '38', '34', '100.0000');
INSERT INTO `comestible_within_day` VALUES ('384', '38', '32', '40.0000');
INSERT INTO `comestible_within_day` VALUES ('385', '38', '4', '250.0000');
INSERT INTO `comestible_within_day` VALUES ('386', '38', '3', '75.0000');
INSERT INTO `comestible_within_day` VALUES ('387', '38', '53', '30.0000');
INSERT INTO `comestible_within_day` VALUES ('388', '38', '52', '0.6000');
INSERT INTO `comestible_within_day` VALUES ('389', null, '21', '120.0000');
INSERT INTO `comestible_within_day` VALUES ('390', '38', '20', '277.0000');
INSERT INTO `comestible_within_day` VALUES ('391', '38', '52', '0.6000');
INSERT INTO `comestible_within_day` VALUES ('392', '38', '53', '15.0000');
INSERT INTO `comestible_within_day` VALUES ('393', '39', '15', '38.0000');
INSERT INTO `comestible_within_day` VALUES ('394', '39', '53', '30.0000');
INSERT INTO `comestible_within_day` VALUES ('395', '39', '65', '43.0000');
INSERT INTO `comestible_within_day` VALUES ('396', '39', '41', '250.0000');
INSERT INTO `comestible_within_day` VALUES ('397', '39', '34', '100.0000');
INSERT INTO `comestible_within_day` VALUES ('398', '39', '32', '40.0000');
INSERT INTO `comestible_within_day` VALUES ('399', '39', '52', '0.6000');
INSERT INTO `comestible_within_day` VALUES ('400', '39', '66', '6.5000');
INSERT INTO `comestible_within_day` VALUES ('401', null, '6', '120.0000');
INSERT INTO `comestible_within_day` VALUES ('402', '39', '7', '120.0000');
INSERT INTO `comestible_within_day` VALUES ('403', '39', '21', '117.0000');
INSERT INTO `comestible_within_day` VALUES ('404', '39', '15', '38.0000');
INSERT INTO `comestible_within_day` VALUES ('405', '39', '67', '200.0000');
INSERT INTO `comestible_within_day` VALUES ('406', '39', '53', '15.0000');
INSERT INTO `comestible_within_day` VALUES ('407', '39', '52', '0.6000');
INSERT INTO `comestible_within_day` VALUES ('408', '40', '15', '38.0000');
INSERT INTO `comestible_within_day` VALUES ('409', '40', '41', '250.0000');
INSERT INTO `comestible_within_day` VALUES ('410', '40', '34', '100.0000');
INSERT INTO `comestible_within_day` VALUES ('411', '40', '32', '40.0000');
INSERT INTO `comestible_within_day` VALUES ('412', '40', '68', '130.0000');
INSERT INTO `comestible_within_day` VALUES ('413', '40', '52', '0.6000');
INSERT INTO `comestible_within_day` VALUES ('414', '40', '23', '240.0000');
INSERT INTO `comestible_within_day` VALUES ('415', '40', '69', '130.0000');
INSERT INTO `comestible_within_day` VALUES ('416', '40', '34', '80.0000');
INSERT INTO `comestible_within_day` VALUES ('417', '40', '32', '40.0000');
INSERT INTO `comestible_within_day` VALUES ('418', '40', '52', '0.6000');
INSERT INTO `comestible_within_day` VALUES ('419', '40', '66', '6.5000');
INSERT INTO `comestible_within_day` VALUES ('420', '41', '15', '38.0000');
INSERT INTO `comestible_within_day` VALUES ('421', '41', '53', '30.0000');
INSERT INTO `comestible_within_day` VALUES ('422', '41', '67', '70.0000');
INSERT INTO `comestible_within_day` VALUES ('423', '41', '46', '500.0000');
INSERT INTO `comestible_within_day` VALUES ('424', '41', '31', '138.0000');
INSERT INTO `comestible_within_day` VALUES ('425', '41', '31', '142.0000');
INSERT INTO `comestible_within_day` VALUES ('426', '41', '34', '120.0000');
INSERT INTO `comestible_within_day` VALUES ('427', '41', '32', '50.0000');
INSERT INTO `comestible_within_day` VALUES ('428', '41', '52', '0.6000');
INSERT INTO `comestible_within_day` VALUES ('429', '41', '53', '30.0000');
INSERT INTO `comestible_within_day` VALUES ('430', '41', '23', '164.0000');
INSERT INTO `comestible_within_day` VALUES ('431', '41', '52', '0.6000');
INSERT INTO `comestible_within_day` VALUES ('432', '41', '66', '6.5000');
INSERT INTO `comestible_within_day` VALUES ('433', '42', '15', '38.0000');
INSERT INTO `comestible_within_day` VALUES ('434', '42', '1', '250.0000');
INSERT INTO `comestible_within_day` VALUES ('435', '42', '70', '250.0000');
INSERT INTO `comestible_within_day` VALUES ('436', '42', '62', '200.0000');
INSERT INTO `comestible_within_day` VALUES ('437', '42', '52', '0.6000');
INSERT INTO `comestible_within_day` VALUES ('438', '42', '9', '450.0000');
INSERT INTO `comestible_within_day` VALUES ('439', '42', '36', '250.0000');
INSERT INTO `comestible_within_day` VALUES ('440', '42', '32', '40.0000');
INSERT INTO `comestible_within_day` VALUES ('441', '42', '52', '0.6000');
INSERT INTO `comestible_within_day` VALUES ('442', '42', '66', '6.5000');
INSERT INTO `comestible_within_day` VALUES ('443', '42', '15', '38.0000');
INSERT INTO `comestible_within_day` VALUES ('444', '43', '15', '38.0000');
INSERT INTO `comestible_within_day` VALUES ('445', '43', '1', '250.0000');
INSERT INTO `comestible_within_day` VALUES ('446', '43', '71', '171.0000');
INSERT INTO `comestible_within_day` VALUES ('447', '43', '72', '60.0000');
INSERT INTO `comestible_within_day` VALUES ('448', '43', '34', '140.0000');
INSERT INTO `comestible_within_day` VALUES ('449', '43', '32', '40.0000');
INSERT INTO `comestible_within_day` VALUES ('450', '43', '52', '0.6000');
INSERT INTO `comestible_within_day` VALUES ('451', '43', '20', '180.0000');
INSERT INTO `comestible_within_day` VALUES ('452', '43', '34', '300.0000');
INSERT INTO `comestible_within_day` VALUES ('453', '43', '32', '70.0000');
INSERT INTO `comestible_within_day` VALUES ('454', '43', '73', '86.0000');
INSERT INTO `comestible_within_day` VALUES ('455', '43', '52', '0.6000');
INSERT INTO `comestible_within_day` VALUES ('456', '43', '66', '6.5000');
INSERT INTO `comestible_within_day` VALUES ('457', '44', '15', '38.0000');
INSERT INTO `comestible_within_day` VALUES ('458', '44', '15', '38.0000');
INSERT INTO `comestible_within_day` VALUES ('459', '44', '71', '181.0000');
INSERT INTO `comestible_within_day` VALUES ('460', '44', '34', '140.0000');
INSERT INTO `comestible_within_day` VALUES ('461', '44', '32', '40.0000');
INSERT INTO `comestible_within_day` VALUES ('462', '44', '15', '28.0000');
INSERT INTO `comestible_within_day` VALUES ('463', '44', '52', '0.6000');
INSERT INTO `comestible_within_day` VALUES ('464', '44', '14', '70.0000');
INSERT INTO `comestible_within_day` VALUES ('465', '44', '10', '500.0000');
INSERT INTO `comestible_within_day` VALUES ('466', '44', '12', '20.0000');
INSERT INTO `comestible_within_day` VALUES ('467', '44', '74', '5.0000');
INSERT INTO `comestible_within_day` VALUES ('468', '44', '66', '6.5000');
INSERT INTO `comestible_within_day` VALUES ('469', '45', '15', '38.0000');
INSERT INTO `comestible_within_day` VALUES ('470', '45', '15', '38.0000');
INSERT INTO `comestible_within_day` VALUES ('471', '45', '34', '140.0000');
INSERT INTO `comestible_within_day` VALUES ('472', '45', '32', '40.0000');
INSERT INTO `comestible_within_day` VALUES ('473', '45', '9', '300.0000');
INSERT INTO `comestible_within_day` VALUES ('474', '45', '15', '38.0000');
INSERT INTO `comestible_within_day` VALUES ('475', '45', '71', '217.0000');
INSERT INTO `comestible_within_day` VALUES ('476', '45', '70', '250.0000');
INSERT INTO `comestible_within_day` VALUES ('477', '45', '52', '0.6000');
INSERT INTO `comestible_within_day` VALUES ('478', '45', '66', '6.5000');
INSERT INTO `comestible_within_day` VALUES ('479', '46', '15', '38.0000');
INSERT INTO `comestible_within_day` VALUES ('480', '46', '75', '186.0000');
INSERT INTO `comestible_within_day` VALUES ('481', '46', '34', '140.0000');
INSERT INTO `comestible_within_day` VALUES ('482', '46', '32', '60.0000');
INSERT INTO `comestible_within_day` VALUES ('483', '46', '3', '75.0000');
INSERT INTO `comestible_within_day` VALUES ('484', '46', '4', '250.0000');
INSERT INTO `comestible_within_day` VALUES ('485', '46', '52', '0.6000');
INSERT INTO `comestible_within_day` VALUES ('486', '46', '73', '86.0000');
INSERT INTO `comestible_within_day` VALUES ('487', '46', '20', '291.0000');
INSERT INTO `comestible_within_day` VALUES ('488', '46', '69', '87.0000');
INSERT INTO `comestible_within_day` VALUES ('489', '47', '15', '38.0000');
INSERT INTO `comestible_within_day` VALUES ('490', '47', '58', '198.0000');
INSERT INTO `comestible_within_day` VALUES ('491', '47', '34', '175.0000');
INSERT INTO `comestible_within_day` VALUES ('492', '47', '32', '40.0000');
INSERT INTO `comestible_within_day` VALUES ('493', '47', '76', '15.0000');
INSERT INTO `comestible_within_day` VALUES ('494', '47', '76', '15.0000');
INSERT INTO `comestible_within_day` VALUES ('495', '47', '9', '246.0000');
INSERT INTO `comestible_within_day` VALUES ('496', '47', '60', '150.0000');
INSERT INTO `comestible_within_day` VALUES ('497', '47', '15', '38.0000');
INSERT INTO `comestible_within_day` VALUES ('498', '47', '52', '0.6000');
INSERT INTO `comestible_within_day` VALUES ('499', '47', '66', '6.5000');
INSERT INTO `comestible_within_day` VALUES ('500', '48', '15', '38.0000');
INSERT INTO `comestible_within_day` VALUES ('501', '48', '37', '500.0000');
INSERT INTO `comestible_within_day` VALUES ('502', '48', '58', '197.0000');
INSERT INTO `comestible_within_day` VALUES ('503', '48', '34', '100.0000');
INSERT INTO `comestible_within_day` VALUES ('504', '48', '32', '40.0000');
INSERT INTO `comestible_within_day` VALUES ('505', '48', '52', '0.6000');
INSERT INTO `comestible_within_day` VALUES ('506', '48', '71', '222.0000');
INSERT INTO `comestible_within_day` VALUES ('507', '48', '60', '150.0000');
INSERT INTO `comestible_within_day` VALUES ('508', '48', '15', '38.0000');
INSERT INTO `comestible_within_day` VALUES ('509', '49', '15', '38.0000');
INSERT INTO `comestible_within_day` VALUES ('510', '49', '68', '130.0000');
INSERT INTO `comestible_within_day` VALUES ('511', '49', '71', '220.0000');
INSERT INTO `comestible_within_day` VALUES ('512', '49', '34', '150.0000');
INSERT INTO `comestible_within_day` VALUES ('513', '49', '32', '40.0000');
INSERT INTO `comestible_within_day` VALUES ('514', '49', '52', '0.6000');
INSERT INTO `comestible_within_day` VALUES ('515', '49', '77', '26.0000');
INSERT INTO `comestible_within_day` VALUES ('516', '49', '35', '337.0000');
INSERT INTO `comestible_within_day` VALUES ('517', '49', '53', '45.0000');
INSERT INTO `comestible_within_day` VALUES ('518', '49', '52', '0.6000');
INSERT INTO `comestible_within_day` VALUES ('519', '49', '66', '6.5000');
INSERT INTO `comestible_within_day` VALUES ('520', '50', '15', '38.0000');
INSERT INTO `comestible_within_day` VALUES ('521', '50', '78', '190.0000');
INSERT INTO `comestible_within_day` VALUES ('522', '50', '41', '240.0000');
INSERT INTO `comestible_within_day` VALUES ('523', '50', '34', '80.0000');
INSERT INTO `comestible_within_day` VALUES ('524', '50', '32', '30.0000');
INSERT INTO `comestible_within_day` VALUES ('525', '50', '52', '0.6000');
INSERT INTO `comestible_within_day` VALUES ('526', '50', '80', '120.0000');
INSERT INTO `comestible_within_day` VALUES ('527', '50', '9', '350.0000');
INSERT INTO `comestible_within_day` VALUES ('528', '50', '35', '80.0000');
INSERT INTO `comestible_within_day` VALUES ('529', '50', '71', '190.0000');
INSERT INTO `comestible_within_day` VALUES ('530', '50', '82', '330.0000');
INSERT INTO `comestible_within_day` VALUES ('531', '50', '82', '330.0000');
INSERT INTO `comestible_within_day` VALUES ('532', '50', '81', '500.0000');
INSERT INTO `comestible_within_day` VALUES ('533', '50', '83', '10.0000');
INSERT INTO `comestible_within_day` VALUES ('534', '50', '52', '0.6000');
INSERT INTO `comestible_within_day` VALUES ('535', '50', '66', '6.5000');
INSERT INTO `comestible_within_day` VALUES ('536', '51', '53', '30.0000');
INSERT INTO `comestible_within_day` VALUES ('537', '51', '53', '30.0000');
INSERT INTO `comestible_within_day` VALUES ('538', '51', '71', '215.0000');
INSERT INTO `comestible_within_day` VALUES ('539', '51', '53', '30.0000');
INSERT INTO `comestible_within_day` VALUES ('540', '51', '53', '30.0000');
INSERT INTO `comestible_within_day` VALUES ('541', '51', '70', '250.0000');
INSERT INTO `comestible_within_day` VALUES ('542', '51', '84', '250.0000');
INSERT INTO `comestible_within_day` VALUES ('543', '51', '14', '100.0000');
INSERT INTO `comestible_within_day` VALUES ('544', '51', '49', '6.5000');
INSERT INTO `comestible_within_day` VALUES ('545', '52', '53', '45.0000');
INSERT INTO `comestible_within_day` VALUES ('546', '52', '20', '301.0000');
INSERT INTO `comestible_within_day` VALUES ('547', '52', '53', '45.0000');
INSERT INTO `comestible_within_day` VALUES ('548', '52', '37', '500.0000');
INSERT INTO `comestible_within_day` VALUES ('549', '52', '9', '213.0000');
INSERT INTO `comestible_within_day` VALUES ('550', '52', '4', '250.0000');
INSERT INTO `comestible_within_day` VALUES ('551', '52', '66', '6.5000');
INSERT INTO `comestible_within_day` VALUES ('552', null, '15', '38.0000');
INSERT INTO `comestible_within_day` VALUES ('553', '53', '15', '38.0000');
INSERT INTO `comestible_within_day` VALUES ('554', '53', '85', '230.0000');
INSERT INTO `comestible_within_day` VALUES ('555', '53', '34', '150.0000');
INSERT INTO `comestible_within_day` VALUES ('556', '53', '32', '40.0000');
INSERT INTO `comestible_within_day` VALUES ('557', '53', '52', '0.6000');
INSERT INTO `comestible_within_day` VALUES ('558', '53', '3', '75.0000');
INSERT INTO `comestible_within_day` VALUES ('559', '53', '32', '40.0000');
INSERT INTO `comestible_within_day` VALUES ('560', '53', '41', '457.0000');
INSERT INTO `comestible_within_day` VALUES ('561', '53', '52', '0.6000');
INSERT INTO `comestible_within_day` VALUES ('562', '53', '66', '6.5000');
INSERT INTO `comestible_within_day` VALUES ('563', '54', '53', '30.0000');
INSERT INTO `comestible_within_day` VALUES ('564', '54', '85', '230.0000');
INSERT INTO `comestible_within_day` VALUES ('565', '54', '34', '150.0000');
INSERT INTO `comestible_within_day` VALUES ('566', '54', '32', '40.0000');
INSERT INTO `comestible_within_day` VALUES ('567', '54', '86', '6.4000');
INSERT INTO `comestible_within_day` VALUES ('568', '54', '87', '166.0000');
INSERT INTO `comestible_within_day` VALUES ('569', '54', '88', '125.0000');
INSERT INTO `comestible_within_day` VALUES ('570', '54', '34', '140.0000');
INSERT INTO `comestible_within_day` VALUES ('571', '54', '32', '40.0000');
INSERT INTO `comestible_within_day` VALUES ('572', '54', '15', '38.0000');
INSERT INTO `comestible_within_day` VALUES ('573', '54', '53', '15.0000');
INSERT INTO `comestible_within_day` VALUES ('574', '54', '52', '0.6000');
INSERT INTO `comestible_within_day` VALUES ('575', '54', '66', '6.5000');
INSERT INTO `comestible_within_day` VALUES ('576', '55', '53', '30.0000');
INSERT INTO `comestible_within_day` VALUES ('577', '55', '77', '26.0000');
INSERT INTO `comestible_within_day` VALUES ('578', '55', '2', '288.0000');
INSERT INTO `comestible_within_day` VALUES ('579', '55', '34', '140.0000');
INSERT INTO `comestible_within_day` VALUES ('580', '55', '32', '40.0000');
INSERT INTO `comestible_within_day` VALUES ('581', '55', '86', '6.4000');
INSERT INTO `comestible_within_day` VALUES ('582', '55', '46', '500.0000');
INSERT INTO `comestible_within_day` VALUES ('583', '55', '88', '125.0000');
INSERT INTO `comestible_within_day` VALUES ('584', '55', '34', '140.0000');
INSERT INTO `comestible_within_day` VALUES ('585', '55', '32', '40.0000');
INSERT INTO `comestible_within_day` VALUES ('586', '55', '52', '0.6000');
INSERT INTO `comestible_within_day` VALUES ('587', '55', '66', '6.5000');
INSERT INTO `comestible_within_day` VALUES ('588', '56', '15', '38.0000');
INSERT INTO `comestible_within_day` VALUES ('589', '56', '20', '288.0000');
INSERT INTO `comestible_within_day` VALUES ('590', '56', '34', '140.0000');
INSERT INTO `comestible_within_day` VALUES ('591', '56', '32', '40.0000');
INSERT INTO `comestible_within_day` VALUES ('592', '56', '52', '0.6000');
INSERT INTO `comestible_within_day` VALUES ('593', '56', '86', '6.4000');
INSERT INTO `comestible_within_day` VALUES ('594', '56', '71', '221.0000');
INSERT INTO `comestible_within_day` VALUES ('595', '56', '34', '140.0000');
INSERT INTO `comestible_within_day` VALUES ('596', '56', '32', '40.0000');
INSERT INTO `comestible_within_day` VALUES ('597', '56', '15', '38.0000');
INSERT INTO `comestible_within_day` VALUES ('598', '56', '53', '40.0000');
INSERT INTO `comestible_within_day` VALUES ('599', '56', '4', '250.0000');
INSERT INTO `comestible_within_day` VALUES ('600', '56', '52', '0.6000');
INSERT INTO `comestible_within_day` VALUES ('601', '56', '66', '6.5000');
INSERT INTO `comestible_within_day` VALUES ('602', '57', '53', '30.0000');
INSERT INTO `comestible_within_day` VALUES ('603', '57', '71', '209.0000');
INSERT INTO `comestible_within_day` VALUES ('604', '57', '34', '140.0000');
INSERT INTO `comestible_within_day` VALUES ('605', '57', '32', '40.0000');
INSERT INTO `comestible_within_day` VALUES ('606', '57', '52', '0.6000');
INSERT INTO `comestible_within_day` VALUES ('607', '57', '77', '26.0000');
INSERT INTO `comestible_within_day` VALUES ('608', '57', '35', '302.0000');
INSERT INTO `comestible_within_day` VALUES ('609', '57', '34', '140.0000');
INSERT INTO `comestible_within_day` VALUES ('610', '57', '32', '40.0000');
INSERT INTO `comestible_within_day` VALUES ('611', '57', '15', '38.0000');
INSERT INTO `comestible_within_day` VALUES ('612', '57', '15', '38.0000');
INSERT INTO `comestible_within_day` VALUES ('613', '57', '52', '0.6000');
INSERT INTO `comestible_within_day` VALUES ('614', '57', '66', '6.5000');
INSERT INTO `comestible_within_day` VALUES ('615', '58', '15', '38.0000');
INSERT INTO `comestible_within_day` VALUES ('616', null, '14', '70.0000');
INSERT INTO `comestible_within_day` VALUES ('617', '58', '89', '200.0000');
INSERT INTO `comestible_within_day` VALUES ('618', '58', '90', '50.0000');
INSERT INTO `comestible_within_day` VALUES ('619', '58', '91', '20.0000');
INSERT INTO `comestible_within_day` VALUES ('620', '58', '14', '80.0000');
INSERT INTO `comestible_within_day` VALUES ('621', '58', '20', '120.0000');
INSERT INTO `comestible_within_day` VALUES ('622', '58', '93', '20.0000');
INSERT INTO `comestible_within_day` VALUES ('623', '58', '92', '4.0000');
INSERT INTO `comestible_within_day` VALUES ('624', '58', '87', '176.0000');
INSERT INTO `comestible_within_day` VALUES ('625', '58', '34', '140.0000');
INSERT INTO `comestible_within_day` VALUES ('626', '58', '32', '40.0000');
INSERT INTO `comestible_within_day` VALUES ('627', '58', '53', '60.0000');
INSERT INTO `comestible_within_day` VALUES ('628', '59', '15', '38.0000');
INSERT INTO `comestible_within_day` VALUES ('629', '59', '53', '30.0000');
INSERT INTO `comestible_within_day` VALUES ('630', '59', '71', '202.0000');
INSERT INTO `comestible_within_day` VALUES ('631', '59', '34', '140.0000');
INSERT INTO `comestible_within_day` VALUES ('632', '59', '32', '40.0000');
INSERT INTO `comestible_within_day` VALUES ('633', '59', '52', '0.6000');
INSERT INTO `comestible_within_day` VALUES ('634', '59', '15', '38.0000');
INSERT INTO `comestible_within_day` VALUES ('635', '59', '20', '180.0000');
INSERT INTO `comestible_within_day` VALUES ('636', null, '34', '250.0000');
INSERT INTO `comestible_within_day` VALUES ('637', '59', '14', '250.0000');
INSERT INTO `comestible_within_day` VALUES ('638', '59', '37', '500.0000');
INSERT INTO `comestible_within_day` VALUES ('639', '59', '52', '0.6000');
INSERT INTO `comestible_within_day` VALUES ('640', '59', '66', '6.5000');
INSERT INTO `comestible_within_day` VALUES ('641', '60', '1', '250.0000');
INSERT INTO `comestible_within_day` VALUES ('642', '60', '77', '26.0000');
INSERT INTO `comestible_within_day` VALUES ('643', '60', '94', '320.0000');
INSERT INTO `comestible_within_day` VALUES ('644', '60', '34', '125.0000');
INSERT INTO `comestible_within_day` VALUES ('645', '60', '32', '40.0000');
INSERT INTO `comestible_within_day` VALUES ('646', '60', '95', '7.0000');
INSERT INTO `comestible_within_day` VALUES ('647', '60', '52', '0.6000');
INSERT INTO `comestible_within_day` VALUES ('648', '60', '9', '350.0000');
INSERT INTO `comestible_within_day` VALUES ('649', '61', '15', '38.0000');
INSERT INTO `comestible_within_day` VALUES ('650', '61', '94', '322.0000');
INSERT INTO `comestible_within_day` VALUES ('651', '61', '34', '125.0000');
INSERT INTO `comestible_within_day` VALUES ('652', '61', '32', '40.0000');
INSERT INTO `comestible_within_day` VALUES ('653', '61', '34', '125.0000');
INSERT INTO `comestible_within_day` VALUES ('654', '61', '32', '40.0000');
INSERT INTO `comestible_within_day` VALUES ('655', '61', '15', '38.0000');
INSERT INTO `comestible_within_day` VALUES ('656', '61', '87', '159.0000');
INSERT INTO `comestible_within_day` VALUES ('657', '61', '70', '250.0000');
INSERT INTO `comestible_within_day` VALUES ('658', '61', '53', '45.0000');
INSERT INTO `comestible_within_day` VALUES ('659', '61', '52', '0.6000');
INSERT INTO `comestible_within_day` VALUES ('660', '61', '66', '6.5000');
INSERT INTO `comestible_within_day` VALUES ('661', '62', '15', '38.0000');
INSERT INTO `comestible_within_day` VALUES ('662', '62', '2', '300.0000');
INSERT INTO `comestible_within_day` VALUES ('663', '62', '34', '140.0000');
INSERT INTO `comestible_within_day` VALUES ('664', '62', '32', '40.0000');
INSERT INTO `comestible_within_day` VALUES ('665', '62', '52', '0.6000');
INSERT INTO `comestible_within_day` VALUES ('666', '62', '2', '193.0000');
INSERT INTO `comestible_within_day` VALUES ('667', '62', '52', '0.6000');
INSERT INTO `comestible_within_day` VALUES ('668', '62', '96', '250.0000');
INSERT INTO `comestible_within_day` VALUES ('669', '62', '60', '150.0000');
INSERT INTO `comestible_within_day` VALUES ('670', '62', '37', '500.0000');
INSERT INTO `comestible_within_day` VALUES ('671', null, '97', '345.0000');
INSERT INTO `comestible_within_day` VALUES ('672', '63', '70', '250.0000');
INSERT INTO `comestible_within_day` VALUES ('673', '63', '97', '345.0000');
INSERT INTO `comestible_within_day` VALUES ('674', '63', '34', '140.0000');
INSERT INTO `comestible_within_day` VALUES ('675', '63', '32', '40.0000');
INSERT INTO `comestible_within_day` VALUES ('676', '63', '52', '0.6000');
INSERT INTO `comestible_within_day` VALUES ('677', '63', '63', '26.0000');

-- ----------------------------
-- Table structure for day
-- ----------------------------
DROP TABLE IF EXISTS `day`;
CREATE TABLE `day` (
  `id` int(11) NOT NULL AUTO_INCREMENT,
  `user_id` int(11) DEFAULT NULL,
  `date` date NOT NULL,
  `weight` decimal(10,4) DEFAULT NULL,
  `abdominal_circumference` decimal(10,4) DEFAULT NULL,
  PRIMARY KEY (`id`),
  UNIQUE KEY `day_per_user_idx` (`date`,`user_id`) USING BTREE,
  KEY `IDX_E5A02990A76ED395` (`user_id`) USING BTREE,
  CONSTRAINT `day_ibfk_1` FOREIGN KEY (`user_id`) REFERENCES `user` (`id`)
) ENGINE=InnoDB AUTO_INCREMENT=64 DEFAULT CHARSET=utf8 COLLATE=utf8_unicode_ci;

-- ----------------------------
-- Records of day
-- ----------------------------
INSERT INTO `day` VALUES ('1', '1', '2014-04-24', '116.4000', null);
INSERT INTO `day` VALUES ('3', '1', '2014-04-25', '116.3000', null);
INSERT INTO `day` VALUES ('4', '1', '2014-04-26', '115.0000', null);
INSERT INTO `day` VALUES ('5', '1', '2014-04-27', '114.5000', null);
INSERT INTO `day` VALUES ('6', '1', '2014-04-28', '114.6000', null);
INSERT INTO `day` VALUES ('7', '1', '2014-04-29', '115.4000', null);
INSERT INTO `day` VALUES ('8', '1', '2014-04-30', '114.9000', null);
INSERT INTO `day` VALUES ('9', '1', '2014-05-01', '114.5000', null);
INSERT INTO `day` VALUES ('10', '1', '2014-05-02', '114.4000', null);
INSERT INTO `day` VALUES ('11', '1', '2014-05-03', '114.2000', '128.0000');
INSERT INTO `day` VALUES ('12', '1', '2014-05-04', '114.2000', '127.5000');
INSERT INTO `day` VALUES ('13', '1', '2014-05-05', '113.9000', '127.0000');
INSERT INTO `day` VALUES ('14', '1', '2014-05-06', '113.7000', '127.0000');
INSERT INTO `day` VALUES ('15', '1', '2014-05-07', '113.3000', '126.0000');
INSERT INTO `day` VALUES ('16', '1', '2014-05-08', '113.3000', '125.5000');
INSERT INTO `day` VALUES ('17', '1', '2014-05-09', '113.2000', '125.0000');
INSERT INTO `day` VALUES ('18', '3', '2014-05-09', null, null);
INSERT INTO `day` VALUES ('20', '1', '2014-05-10', '113.4000', '125.0000');
INSERT INTO `day` VALUES ('21', '1', '2014-05-11', '112.5000', '123.0000');
INSERT INTO `day` VALUES ('22', '1', '2014-05-12', '112.7000', '123.0000');
INSERT INTO `day` VALUES ('23', '1', '2014-05-13', '112.5000', '122.5000');
INSERT INTO `day` VALUES ('24', '1', '2014-05-14', '112.3000', '122.0000');
INSERT INTO `day` VALUES ('25', '1', '2014-05-15', '112.4000', '123.0000');
INSERT INTO `day` VALUES ('26', '1', '2014-05-16', '112.3000', '122.0000');
INSERT INTO `day` VALUES ('27', '1', '2014-05-17', '111.8000', '121.5000');
INSERT INTO `day` VALUES ('28', '1', '2014-05-22', '111.7000', '120.0000');
INSERT INTO `day` VALUES ('29', '1', '2014-05-23', '111.5000', '119.5000');
INSERT INTO `day` VALUES ('30', '1', '2014-05-24', '111.2000', '119.0000');
INSERT INTO `day` VALUES ('31', '1', '2014-05-25', '110.6000', '118.5000');
INSERT INTO `day` VALUES ('32', '1', '2014-05-26', '110.4000', '118.0000');
INSERT INTO `day` VALUES ('33', '1', '2014-05-27', '110.2000', '118.0000');
INSERT INTO `day` VALUES ('34', '1', '2014-05-28', '110.0000', '117.5000');
INSERT INTO `day` VALUES ('35', '1', '2014-05-29', '110.0000', '117.0000');
INSERT INTO `day` VALUES ('36', '1', '2014-05-30', '110.1000', '117.5000');
INSERT INTO `day` VALUES ('37', '1', '2014-05-31', '110.1000', '117.0000');
INSERT INTO `day` VALUES ('38', '1', '2014-06-01', '109.9000', '117.0000');
INSERT INTO `day` VALUES ('39', '1', '2014-06-02', '109.4000', '116.5000');
INSERT INTO `day` VALUES ('40', '1', '2014-06-03', '109.4000', '117.0000');
INSERT INTO `day` VALUES ('41', '1', '2014-06-04', '109.4000', '117.0000');
INSERT INTO `day` VALUES ('42', '1', '2014-06-05', '109.4000', '116.0000');
INSERT INTO `day` VALUES ('43', '1', '2014-06-06', '108.9000', '115.5000');
INSERT INTO `day` VALUES ('44', '1', '2014-06-07', '108.7000', '115.5000');
INSERT INTO `day` VALUES ('45', '1', '2014-06-08', '108.5000', '115.0000');
INSERT INTO `day` VALUES ('46', '1', '2014-06-09', '108.2000', '115.0000');
INSERT INTO `day` VALUES ('47', '1', '2014-06-10', '108.4000', '115.5000');
INSERT INTO `day` VALUES ('48', '1', '2014-06-11', '108.2000', '114.5000');
INSERT INTO `day` VALUES ('49', '1', '2014-06-12', '107.9000', '114.0000');
INSERT INTO `day` VALUES ('50', '1', '2014-06-13', '108.0000', '114.0000');
INSERT INTO `day` VALUES ('51', '1', '2014-06-14', '108.0000', '114.5000');
INSERT INTO `day` VALUES ('52', '1', '2014-06-15', '107.3000', '113.5000');
INSERT INTO `day` VALUES ('53', '1', '2014-06-16', '106.7000', '113.0000');
INSERT INTO `day` VALUES ('54', '1', '2014-06-17', '106.8000', '113.0000');
INSERT INTO `day` VALUES ('55', '1', '2014-06-18', '106.8000', '113.5000');
INSERT INTO `day` VALUES ('56', '1', '2014-06-19', '106.6000', '113.5000');
INSERT INTO `day` VALUES ('57', '1', '2014-06-20', '106.7000', '113.0000');
INSERT INTO `day` VALUES ('58', '1', '2014-06-21', '106.5000', '113.0000');
INSERT INTO `day` VALUES ('59', '1', '2014-06-22', '105.7000', '112.0000');
INSERT INTO `day` VALUES ('60', '1', '2014-06-23', '106.5000', '113.0000');
INSERT INTO `day` VALUES ('61', '1', '2014-06-24', '106.1000', '112.5000');
INSERT INTO `day` VALUES ('62', '1', '2014-06-25', '105.9000', '112.0000');
INSERT INTO `day` VALUES ('63', '1', '2014-06-26', '105.7000', '111.5000');

-- ----------------------------
-- Table structure for user
-- ----------------------------
DROP TABLE IF EXISTS `user`;
CREATE TABLE `user` (
  `id` int(11) NOT NULL AUTO_INCREMENT,
  `username` varchar(255) COLLATE utf8_unicode_ci NOT NULL,
  `password` varchar(255) COLLATE utf8_unicode_ci NOT NULL,
  `salt` varchar(255) COLLATE utf8_unicode_ci NOT NULL,
  `email` varchar(255) COLLATE utf8_unicode_ci NOT NULL,
  `roles` longtext COLLATE utf8_unicode_ci NOT NULL COMMENT '(DC2Type:json_array)',
  `enabled` tinyint(1) NOT NULL,
  PRIMARY KEY (`id`),
  UNIQUE KEY `username_idx` (`username`) USING BTREE
) ENGINE=InnoDB AUTO_INCREMENT=4 DEFAULT CHARSET=utf8 COLLATE=utf8_unicode_ci;

-- ----------------------------
-- Records of user
-- ----------------------------
INSERT INTO `user` VALUES ('1', 'dominik.zogg@gmail.com', 'Jwotl8URytyfF4UzVE4SkxCRULN/9fJdv3KuvwH3UBMrPbaYXA5DQLFs5WGHf/IwZW+mPUw8hiLyAuijpUoFYA==', '13233289035358a998a857d', 'dominik.zogg@gmail.com', '[\"ROLE_ADMIN\"]', '1');
INSERT INTO `user` VALUES ('2', 'ron', 'qe/9yDDTd6OVkCzazOslSRcVTDnFOYmodWiQZ8dTt28/a25PLGVrCB9aVtE5D8o1yMvNsZjaHGYzWV4+Hw+05w==', '2029047930535932f790e47', 'ronald.burch@ibrows.ch', '[\"ROLE_USER\"]', '1');
INSERT INTO `user` VALUES ('3', 'mail@claudiogadient.ch', 'o53bzpukduAb6P45CbTVMO9nvLsVSrA5YgDQoYJqytB8gd15eOYUtwakDiG/MUUfh3GSRHFlbd2GcDy895L9OQ==', '1864460997536cb3d6293e8', 'mail@claudiogadient.ch', '[\"ROLE_USER\"]', '1');
